Município [-];Código [-];Gentílico [-];Prefeito [2021];Área Territorial - km² [2021];População estimada - pessoas [2021];Densidade demográfica - hab/km² [2010];Escolarização <span>6 a 14 anos</span> - % [2010];IDHM [2010];Mortalidade infantil - óbitos por mil nascidos vivos [2020];Receitas realizadas - R$ (×1000) [2017];Despesas empenhadas - R$ (×1000) [2017];PIB per capita - R$ [2019]
Abaíra;2900108;abairense;EDVAL LUZ SILVA;538,677;8681;15,68;97,2;0,603;21,74;19330,58368;18286,42314;7168,52
Abaré;2900207;abareense;FERNANDO JOSE TEIXEIRA TOLENTINO;1604,923;20594;11,49;96,5;0,575;9,43;42471,16812;42835,65272;7530,64
Acajutiba;2900306;acajutibense;ALEXSANDRO MENEZES DE FREITAS;181,475;15214;81,34;98;0,582;25,16;32322,40145;31257,68537;8380,48
Adustina;2900355;adustinense;PAULO SERGIO OLIVEIRA DOS SANTOS;629,099;17209;24,84;98,1;0,546;20,98;33518,91406;29163,99544;10180,39
Água Fria;2900405;água-friense;RENAN ARAUJO BARROS;742,775;17096;23,77;97;0,55;7,87;40463,75677;39741,1561;7722,13
Érico Cardoso;2900504;érico-cardosense;ERALDO FÉLIX DA SILVA;735,249;10513;15,48;98,8;0,584;27,78;25842,85175;24637,11888;6560,69
Aiquara;2900603;aiquarense;DELMAR RIBEIRO;167,877;4387;28,82;98,4;0,583;-;15908,16508;13995,20875;10290,23
Alagoinhas;2900702;alagoinhense;JOAQUIM BELARMINO CARDOSO NETO;707,835;153023;188,67;97,4;0,683;11,7;357419,919;319462,7496;28109,5
Alcobaça;2900801;alcobacense;GIVALDO MUNIZ;1477,929;22509;14,36;96,5;0,608;6,01;50627,98373;53604,60982;12843,74
Almadina;2900900;almadinense;MILTON SILVA CERQUEIRA;245,236;5273;25,32;95,3;0,563;50,85;17495,20557;14754,30679;9708,08
Amargosa;2901007;amargosense;JÚLIO PINHEIRO DOS SANTOS JÚNIOR;431,655;37631;74,16;96,8;0,625;2,18;63402,10611;57123,31855;10559,06
Amélia Rodrigues;2901106;ameliense;PAULO CESAR BAHIA FALCÃO;166,872;24997;145,2;99,2;0,666;28,57;64865,97567;50406,69731;13191,02
América Dourada;2901155;américo-douradense;JOELSON CARDOSO DO ROSÁRIO;822,373;16086;19,05;96,6;0,561;23,92;38585,45557;35184,13685;8286,65
Anagé;2901205;anageense;ROGERIO BONFIM SOARES;1899,683;21229;13,1;96;0,54;20,75;47758,835;44111,71088;8428,08
Andaraí;2901304;andaraiense;WILSON PAES CARDOSO;1590,316;13122;7,5;97,8;0,555;22,22;37286,40876;35402,28578;8416,2
Andorinha;2901353;andorinhense;RENATO BRANDÃO DE OLIVEIRA;1362,386;14416;11,55;98;0,588;11,3;41097,00995;41307,78564;13417,3
Angical;2901403;angicalense;EMERSON MARIANI DIAS;1530,05;13902;9,21;96,9;0,625;21,74;35075,99781;32587,16641;10138,2
Anguera;2901502;anguerense;MAURO SELMO OLIVEIRA VIEIRA;187,84;11369;57,85;98,2;0,589;37,74;24305,57887;21757,55072;7572,87
Antas;2901601;antense;MANOEL SIDONIO NASCIMENTO NILO;319,745;19659;53,08;94,3;0,592;13,07;33697,6196;31374,63216;6594,16
Antônio Cardoso;2901700;cardosense;MARIA DE LOURDES CARVALHO MOURA BASTOS;293,53;11670;39,24;95,8;0,561;21,28;26978,05908;29852,7557;9442,99
Antônio Gonçalves;2901809;antônio-gonçalvense;DJALMA DE FREITAS CARDOSO NETO;345,284;11955;35,09;98,4;0,598;6,25;27262,32163;25236,58554;6184,73
Aporá;2901908;aporense;CARINE DANTAS DE MENEZES NEGREIROS;479,262;17840;31,56;97,6;0,548;5,92;68717,29437;50045,7121;7534,09
Apuarema;2901957;apuaremense;JORGE ROGERIO COSTA SOUZA;150,83;7274;48,17;95,9;0,552;9,71;19781,94216;20934,67448;8893,42
Aracatu;2902005;aracatuense;BRAULINA LIMA SILVA;1489,803;12960;9,22;97,7;0,581;12,66;34674,69988;31359,75377;8886,31
Araçás;2902054;araçaense;AGAMENON OLIVEIRA COELHO;474,577;12237;23,73;98,1;0,57;13,25;42985,07489;39520,18435;19974,72
Araci;2902104;araciense;MARIA BETIVANIA LIMA DA SILVA;1496,245;54903;33,19;97,4;0,534;12,1;104996,0919;102013,6408;8005,65
Aramari;2902203;aramariense;FIDEL CARLOS SOUZA DANTAS;368,947;11519;30,44;96,3;0,588;-;23718,87023;21221,15801;8502,95
Arataca;2902252;arataquense;FERNANDO MANSUR GONZAGA;435,962;10904;27,7;95,6;0,559;7,19;27011,70541;27502,1615;8117,54
Aratuípe;2902302;aratuipense;ANTONIO MARCOS ARAUJO DE SOUZA;174,012;8848;47,47;98,4;0,575;37,04;18702,70458;17462,23993;7802,74
Aurelino Leal;2902401;aurelinense;RODRIGO CALAZANS DE ANDRADE;445,394;11079;29,7;95,5;0,568;31,58;31326,74233;31148,26058;9502,03
Baianópolis;2902500;baianopolense;JANDIRA SOARES SILVA XAVIER;3320,723;13979;4,14;98,7;0,589;-;35529,72286;32558,04391;12211,53
Baixa Grande;2902609;baixa-grandense;GILVAN RIOS DA SILVA;967,514;20431;21,19;97,2;0,585;4,9;42685,91617;42958,68826;7669,59
Banzaê;2902658;banzaêense;JAILMA DANTAS GAMA ALVES;409,507;13251;51,92;98,1;0,579;31,06;54997,45561;31721,00301;6920,68
Barra;2902708;barrense;ARTUR SILVA FILHO;11428,112;54225;4,32;97;0,557;17,99;113205,9988;98837,37754;7100,75
Barra da Estiva;2902807;barrestivense;JOAO MACHADO RIBEIRO;1657,413;20198;15,73;96,8;0,575;9,5;48777,53571;47589,84269;12770,72
Barra do Choça;2902906;barra-chocense;OBERDAM ROCHA DIAS;765,936;30831;44,42;96,9;0,551;18,52;76256,21637;74493,8422;12441,96
Barra do Mendes;2903003;barra-mendense;ANTONIO BARRETO DE OLIVEIRA;1436,298;13128;9,08;97,5;0,63;27,03;32974,08398;32377,00988;7057,25
Barra do Rocha;2903102;barra-rochense;JOSÉ LUIZ FRANCO RAMOS COSTA;214,411;5515;30,3;95,7;0,577;-;18310,5046;15009,68036;11055,59
Barreiras;2903201;barreirense;JOÃO BARBOSA DE SOUZA SOBRINHO;8051,274;158432;17,49;97,5;0,721;13,75;567804,3319;355393,7249;33313,17
Barro Alto;2903235;barro-altino;ORLANDO AMORIM SANTOS;414,51;15171;32,68;98,4;0,607;19,23;31224,34375;30355,90133;6713,25
Barrocas;2903276;barroquense;JOSÉ JAILSON LIMA FERREIRA;207,297;16225;70,61;98,7;0,61;17,65;41045,17185;35140,96527;14416,97
Barro Preto;2903300;barro-pretense;JURACI DIAS DE JESUS;201,585;5312;50,26;96,2;0,602;16,39;21268,91758;19406,89769;10899,03
Belmonte;2903409;belmontense;CARLOS ALBERTO REZENDE GAMA;1939,447;23540;11,06;96,5;0,598;15,82;60821,87548;53345,16834;13649,32
Belo Campo;2903508;belo-campense;JOSÉ HENRIQUE SILVA TIGRE;772,756;17013;25,47;95,2;0,575;31,96;43220,3637;44273,03524;8491,27
Biritinga;2903607;biritinguense;GILMARIO SOUZA DE OLIVEIRA;553,762;15989;26,97;98;0,538;28,04;53104,52128;41916,12533;8037,85
Boa Nova;2903706;boa-novense;ADONIAS DA ROCHA PIRES DE ALMEIDA;849,538;12039;17,74;97,2;0,567;22,73;33495,90768;32413,9155;7723,44
Boa Vista do Tupim;2903805;tupinense;HELDER LOPES CAMPOS;2972,109;18491;6,4;96,8;0,551;4,27;43572,43706;41674,3456;6890,14
Bom Jesus da Lapa;2903904;lapense;FABIO NUNES DIAS;4115,51;70151;15,11;95,7;0,633;13,8;171160,4596;158579,8874;16025,54
Bom Jesus da Serra;2903953;bom-jesuense;JORNANDO VILASBOAS ALVES;467,813;9768;23,99;98,3;0,546;16;25666,31249;23623,96399;6311,74
Boninal;2904001;boninalense;CELESTE AUGUSTA ARAUJO PAIVA;896,857;14518;14,66;96,3;0,612;5,56;27482,58419;28380,33364;6788,98
Bonito;2904050;bonitense;REINAN CEDRO DE OLIVEIRA;791,276;16999;20,42;97,6;0,561;4,08;47870,89941;43286,7039;9891,34
Boquira;2904100;boquirense;LUCIANO DE OLIVEIRA E SILVA;1426,233;21486;14,86;98,8;0,603;8,1;59607,65723;44853,9898;7730,22
Botuporã;2904209;botuporãense;OTAVIANO JOAQUIM FILHO;627,612;10050;17,28;98,1;0,575;15,15;33136,33714;33891,04412;9251,5
Brejões;2904308;brejoense;ALESSANDRO RODRIGUES BRANDAO CORREIA;518,566;14155;29,7;97,9;0,597;14,39;34703,95435;34915,04467;8551,36
Brejolândia;2904407;brejolandense;EDEZIO NUNES BASTOS;2247,208;10675;4,04;98,4;0,592;20,41;38404,39069;28605,60327;9028,37
Brotas de Macaúbas;2904506;brotense;ANTONIO KLEBER RIBEIRO;2520,817;10705;4,78;97,6;0,57;13,7;30171,77925;27817,73915;8196,59
Brumado;2904605;brumadense;EDUARDO LIMA VASCONCELOS;2207,612;67468;29,01;96,8;0,656;7,01;194916,3286;133344,0937;25705,48
Buerarema;2904704;bueraremense;VINÍCIUS IBRANN DANTAS ANDRADE OLIVEIRA;219,487;18269;80,73;91,5;0,613;19,8;33821,5011;32069,88119;11425,49
Buritirama;2904753;buritiramense;ARIVAL MARQUES VIANA;4046,736;21374;4,97;97,3;0,565;22,58;47738,86475;44772,191;6535,04
Caatiba;2904803;caatibense;MARIA TANIA RIBEIRO SOUSA;512,436;6232;22,14;89,9;0,561;-;29996,77108;21531,20888;9749,07
Cabaceiras do Paraguaçu;2904852;cabaceirense;PEDRO ANDRE BRAZ SILVA SANTANA;222,026;19010;76,66;98,8;0,581;43,27;59279,91874;43755,99293;6914,99
Cachoeira;2904902;cachoeirano;ELIANA GONZAGA DE JESUS;394,894;33659;81,03;97,8;0,647;11,11;70230,57303;52722,54062;12882,29
Caculé;2905008;caculense;PEDRO DIAS DA SILVA;610,983;23407;33,27;97,3;0,637;12,9;53523,40714;42783,34519;12363,09
Caém;2905107;caenense;ARNALDO DE OLIVEIRA FILHO;540,908;8912;18,91;98,8;0,546;13,42;44123,49904;27512,84787;8708,16
Caetanos;2905156;caetanense;PAULO ALVES DOS REIS;767,146;14671;17,61;96,9;0,542;-;29547,53608;27892,98121;6153,41
Caetité;2905206;caetiteense;VALTÉCIO NEVES AGUIAR;2651,536;51184;19,45;98,3;0,625;7,4;111926,1743;105926,6684;17758,11
Cafarnaum;2905305;cafarnauense;SUELI FERNANDES DE SOUZA NOVAIS;643,66;18585;25,49;98,6;0,584;12,45;46295,10559;42338,8368;8408,67
Cairu;2905404;cairuense;HILDECIO ANTONIO MEIRELES FILHO;448,846;18666;33,35;98,8;0,627;23,1;77292,00157;75784,56145;58268,71
Caldeirão Grande;2905503;caldeirão-grandense;CANDIDO PEREIRA DA GUIRRA FILHO;458,311;13452;27,46;97,8;0,573;20,94;34617,84397;39499,54107;7280,22
Camacan;2905602;camacaense;PAULO CESAR BOMFIM DE OLIVEIRA;584,848;32023;50,22;92,5;0,581;23,19;58680,99677;55583,55135;9169,64
Camaçari;2905701;camaçariense;ANTONIO ELINALDO ARAUJO DA SILVA;785,421;309208;309,65;96,7;0,694;17,47;1197747,858;979305,4047;87735,29
Camamu;2905800;camamuense;ENOC SOUZA SILVA;839,702;35444;38,22;96;0,565;15,79;69968,37167;63440,8396;10176,51
Campo Alegre de Lourdes;2905909;campo-alegrense;ENILSON MARCELO RODRIGUES DA SILVA;2914,587;28839;10,1;98,3;0,557;17,44;57159,88724;51715,72573;8404,03
Campo Formoso;2906006;campo-formosense;ELMO ALUIZIO VIEIRA NASCIMENTO;7161,827;71754;9,18;98;0,586;12,48;160280,6599;143198,1569;13586,6
Canápolis;2906105;canapolense;REGINALDO DE SOUZA PEREIRA;460,388;9694;21,52;96,9;0,565;7,81;23593,6802;22189,38861;7171,48
Canarana;2906204;canaraense;EZENIVALDO ALVES DOURADO;579,726;26468;41,76;98,9;0,587;16,34;51966,57178;53125,75256;7959,98
Canavieiras;2906303;canavieirense;CLÓVIS ROBERTO ALMEIDA DE SOUZA;1334,284;30722;24,37;94,9;0,59;13,92;60662,18608;54775,59273;11055,45
Candeal;2906402;candealense;EVERTON PEREIRA CERQUEIRA;447,578;8109;19,98;98,2;0,587;32,26;19365,10353;17317,14694;7080,22
Candeias;2906501;candeense;PITÁGORAS ALVES DA SILVA IBIAPINA;251,808;87820;321,87;97,6;0,691;22,56;307031,3887;258731,9117;53758,72
Candiba;2906600;candibense;REGINALDO MARTINS PRADO;433,642;14415;31,6;98,3;0,591;17,75;29804,88684;27959,04446;8412,53
Cândido Sales;2906709;cândido-salense;MAURILIO LEMOS DAS VIRGENS;1169,814;24921;17,26;96,2;0,601;11,73;58734,35743;55384,55261;8351,37
Cansanção;2906808;cansançãoense;VILMA ROSA DE OLIVEIRA GOMES;1351,891;34929;24,62;98,6;0,557;8,58;71242,73356;68139,27052;8210,1
Canudos;2906824;canudense;JILSON CARDOSO DE MACEDO;3565,377;16832;4,89;98,6;0,562;38,1;40038,98209;40279,64027;7949,27
Capela do Alto Alegre;2906857;capelense;CLAUDINEI XAVIER NOVATO;629,586;11597;17,75;98,6;0,599;29,13;26752,37754;24375,4719;8311,99
Capim Grosso;2906873;capim-grossense;JOSÉ SIVALDO RIOS DE CARVALHO;464,776;31055;79,47;96,2;0,621;15,66;64297,84337;61461,55994;13925,19
Caraíbas;2906899;caraibense;JONES COELHO DIAS;805,629;8659;12,69;97,3;0,555;-;22942,28133;19369,47585;8566,34
Caravelas;2906907;caravelense;SÍLVIO RAMALHO DA SILVA;2377,889;22166;8,95;95,4;0,616;14,98;60492,57424;59071,92069;15702,49
Cardeal da Silva;2907004;cardinalense;ANTONIO AUGUSTO SALES DE JESUS;293,456;9395;34,64;98,1;0,552;-;28380,52541;24684,72573;12781,39
Carinhanha;2907103;carinhanhense;FRANCISCA ALVES RIBEIRO;2525,906;29118;10,37;98,8;0,576;6,83;61936,43453;57003,7034;8426,44
Casa Nova;2907202;casa-novense;WILKER OLIVEIRA TORRES;9647,072;73092;6,73;95,5;0,57;24,37;136950,3451;131324,8581;10532,31
Castro Alves;2907301;castro-alvense;THIANCLE DA SILVA ARAUJO;713,789;26369;35,7;95,9;0,613;-;54272,93744;51417,19685;11229,9
Catolândia;2907400;catolandiano;GIOVANNI MOREIRA DOS SANTOS;702,504;3619;4,06;98,4;0,582;-;15604,83962;14348,63774;21434,45
Catu;2907509;catuense;NARLISON BORGES DE SALES;426,955;55222;122,72;97,3;0,677;17,13;115313,5248;107811,4953;11810,26
Caturama;2907558;caturamense;PAULO HUMBERTO NEVES MENDONÇA;716,261;9303;13,31;98,7;0,571;48,19;20974,37395;20615,04108;6889,08
Central;2907608;centralense;RENATO PEREIRA DE SANTANA;566,974;17293;28,24;98,9;0,596;24,75;37941,24425;36237,46756;9705,87
Chorrochó;2907707;chorrochoense;HUMBERTO GOMES RAMOS;3005,319;11221;3,57;96,6;0,6;7,09;30272,9238;26996,51625;7276,87
Cícero Dantas;2907806;cícero-dantense;RICARDO ALMEIDA NUNES DA SILVA;819,969;32636;36,5;98;0,585;31,75;58419,1125;56030,79208;9142,41
Cipó;2907905;cipoense;JOSE MARQUES DOS REIS;168,33;17402;122,78;97,6;0,601;21,9;38100,09597;35647,35569;7774,9
Coaraci;2908002;coaraciense;JADSON ALBANO GALVÃO;274,5;16128;74,17;95,1;0,613;15,38;41578,92198;41550,2019;10188,23
Cocos;2908101;coquense;MARCELO DE SOUZA EMERENCIANO;10140,572;18835;1,77;97;0,596;25,55;64480,22598;52555,20411;15847,36
Conceição da Feira;2908200;conceiçoense;JOÃO PEDRO LABRIOLA CARDOZO;164,798;22933;125,19;98,8;0,634;16,81;41522,93877;43835,85071;13763,25
Conceição do Almeida;2908309;almeidense;ADAILTON CAMPOS SOBRAL;284,836;17087;61,7;95,6;0,606;18,63;33636,51858;31631,71848;10148,23
Conceição do Coité;2908408;coiteense;MARCELO PASSOS DE ARAUJO;1015,252;67394;61,06;97,9;0,611;14,42;98868,18761;90040,48457;11407,99
Conceição do Jacuípe;2908507;conjacuipense;TÂNIA MARLI RIBEIRO YOSHIDA;114,869;33631;256,3;98,4;0,663;8,6;74311,01756;68906,96864;88567,45
Conde;2908606;condense;ANTONIO EDUARDO LINS DE CASTRO;931,106;26223;24,49;96,8;0,56;12,38;58788,3479;63818,03498;11066,63
Condeúba;2908705;condeubense;SILVAN BALEEIRO DE SOUSA;1348,039;17113;13,14;98,1;0,582;4,72;43255,77244;37540,92114;9145,92
Contendas do Sincorá;2908804;contendense;MARGARETH PINA SOUZA;977,455;4025;4,46;99;0,577;23,81;17325,38063;15835,87492;10399,89
Coração de Maria;2908903;mariense;KLEY CARNEIRO LIMA;378,42;22391;64,34;98,8;0,592;4,48;53276,952;50151,73365;8903,9
Cordeiros;2909000;cordeirense;DELCI ALVES LUZ;523,64;8667;15,25;98;0,579;-;20717,16768;18587,68923;7163,14
Coribe;2909109;coribense;MURILLO FERREIRA VIANA;2662,819;14108;5,77;97,7;0,6;6,76;49512,77229;38010,52519;9760,86
Coronel João Sá;2909208;joão-saense;CARLOS AUGUSTO SILVEIRA SOBRAL;797,434;15549;19,32;96;0,535;-;39769,26259;42292,97257;9240,57
Correntina;2909307;correntinense;NILSON JOSÉ RODRIGUES;11504,314;32243;2,62;97,6;0,603;19;123134,3289;117411,1125;45631,8
Cotegipe;2909406;cotegipano;MÁRCIA DA SILVA SÁ TELES;4282,775;13756;3,25;94,5;0,59;23,26;37615,44394;35614,13273;9966,97
Cravolândia;2909505;cravolandense;IVETE SOARES TEIXEIRA ARAUJO;182,585;5352;31,08;97,6;0,599;13,7;17626,0686;17371,63342;7691,28
Crisópolis;2909604;crisopolense;LEANDRO DANTAS DE JESUS COSTA;636,609;21219;32,99;96,1;0,543;13,27;46794,77273;45895,77502;7931,73
Cristópolis;2909703;cristopolense;GILSON NASCIMENTO DE SOUZA;1052,837;13981;12,73;98,3;0,614;17,86;34269,36051;30426,33837;8851,39
Cruz das Almas;2909802;cruz-almense;EDNALDO JOSÉ RIBEIRO;139,117;63923;402,12;97,2;0,699;5,09;109107,2839;103853,0403;15514,91
Curaçá;2909901;curaçaense;PEDRO ALVES DE OLIVEIRA;5950,614;35065;5,29;97,4;0,581;16,33;71569,40996;71326,79212;9125,15
Dário Meira;2910008;dário-meirense;WILLIAM ALMEIDA SENA;413,637;10347;28,82;93;0,54;7,35;25390,47667;25681,44858;9758
Dias d'Ávila;2910057;diasdavilense;ALBERTO PEREIRA CASTRO;183,759;83705;360,64;98;0,676;12,43;194450,4561;181456,6668;42624,25
Dom Basílio;2910107;dom-basiliense;ROBERVAL DE CASSIA MEIRA;689,516;12281;16,78;96,1;0,591;-;32078,90841;28380,47062;9683,11
Dom Macedo Costa;2910206;macedense;EGNALDO PITON MOURA;94,778;4072;45,7;99,3;0,632;19,23;14266,11794;12342,23059;8908,89
Elísio Medrado;2910305;medradense;LINSMAR MOURA BITTENCOURT SANTOS;179,329;8129;41,06;99,6;0,623;11,9;19453,56083;18127,99002;7786,15
Encruzilhada;2910404;encruzilhadense;WEKISLEY TEIXEIRA SILVA;1890,133;15914;11,99;95;0,544;14,65;49443,20222;50267,06294;11363,8
Entre Rios;2910503;entrerriense;MANOELITO ARGOLO DOS SANTOS JUNIOR;1187,766;42014;32,81;95,6;0,615;21,57;93732,36422;89847,00737;14370,54
Esplanada;2910602;esplanadense;JOSE NAUDINHO ALVES DOS SANTOS;1299,355;37902;25,27;97,7;0,589;18,11;94071,96907;87463,05107;16975,59
Euclides da Cunha;2910701;euclidense;LUCIANO PINHEIRO DAMASCENO E SANTOS;2025,368;61112;27,75;97,8;0,567;13,35;118713,2807;132809,6258;10665,51
Eunápolis;2910727;eunapolitano;CORDELIA TORRES DE ALMEIDA;1425,97;115360;84,97;96,2;0,677;11,06;256565,0614;251311,0394;27730,51
Fátima;2910750;fatimense;FÁBIO JOSÉ REIS DE ARAUJO;364,419;17801;49,12;98,4;0,559;4,69;39762,16279;42834,29449;11912,33
Feira da Mata;2910776;matense;VALMIR MACEDO RODRIGUES;1176,111;5656;3,78;97,5;0,588;-;18098,70361;16991,26009;9521,62
Feira de Santana;2910800;feirense;COLBERT MARTINS DA SILVA FILHO;1304,425;624107;416,03;97,4;0,712;13,84;1167088,574;1099658,829;24229,74
Filadélfia;2910859;filadelfense;LOURIVALDO PEREIRA MAIA;579,686;16314;29,36;98,4;0,565;25,75;45822,38706;40895,60319;7751,8
Firmino Alves;2910909;firmino-alvense;AURELINO MORENO DA CUNHA NETO;172,353;5641;33,15;95;0,578;-;16165,13007;15348,08844;9140,08
Floresta Azul;2911006;floresta-azulense;GICÉLIA DE SANTANA OLIVEIRA SANTOS;321,013;10525;36,32;92,8;0,557;22,22;34148,89954;22096,61202;8039,09
Formosa do Rio Preto;2911105;formosense;MANOEL AFONSO DE ARAÚJO;15634,328;26111;1,38;97,3;0,618;14,15;115659,7817;101995,3317;72379,97
Gandu;2911204;ganduense;LEONARDO BARBOSA CARDOSO;229,631;32778;124,76;96,8;0,632;18,65;59938,8177;54632,06531;12003,28
Gavião;2911253;gavionense;LAURINDO NAZÁRIO DA SILVA;384,592;4417;12,33;98,8;0,599;-;14795,12779;15463,29695;9197,45
Gentio do Ouro;2911303;gentiense;ROBERIO GOMES CUNHA;3817,946;11284;2,87;97,9;0,559;7,09;34194,09094;25798,3518;12557,37
Glória;2911402;gloriense;DAVID DE SOUZA CAVALCANTI;1566,609;15247;12,01;97,4;0,593;-;34737,20621;35676,60576;12935,21
Gongogi;2911501;gongogiense;ADRIANO MENDONÇA PINHEIRO;202,194;6852;42,28;96,8;0,576;28,57;18787,00558;19274,86127;8788,87
Governador Mangabeira;2911600;mangabeirense;MARCELO PEDREIRA DE MENDONÇA;106,848;20800;186,4;95,6;0,643;10,79;45767,30579;43219,59835;9062,74
Guajeru;2911659;guajeruense;JILVAN TEIXEIRA RIBEIRO;872,867;6371;11,12;97,1;0,569;-;19733,02424;17525,50498;8208,11
Guanambi;2911709;guanambiense;NILO AUGUSTO MORAES COELHO;1272,366;85353;60,8;97,8;0,673;10,28;170867,3085;160908,3109;17158,97
Guaratinga;2911808;guaratinguense;MARLENE DANTAS MARTINS;2189,404;20565;9,53;94,6;0,558;9,09;47789,08115;45373,20672;9927,51
Heliópolis;2911857;heliopoliense;JOSÉ MENDONÇA DANTAS;313,438;12946;38,94;98,3;0,563;7,58;30558,02194;27852,82181;8061,05
Iaçu;2911907;iaçuense;NIXON DUARTE MUNIZ FERREIRA;2342,497;23950;10,5;97,8;0,574;11,98;60037,04414;57378,95783;8746,6
Ibiassucê;2912004;ibiassuceense;FRANCISCO ADAUTO REBOUÇAS PRATES;483,274;8849;23,58;98,5;0,611;20,41;23959,66394;23285,90288;9549,91
Ibicaraí;2912103;ibicaraiense;MONALISA GONCALVES TAVARES;230,953;21083;104,65;98;0,625;17,47;56556,62455;51103,55029;8768,91
Ibicoara;2912202;ibicoarense;GILMADSON CRUZ DE MELO;817,355;19990;20,34;96,3;0,591;18,63;58287,55188;48215,55547;19974,06
Ibicuí;2912301;ibicuiense;MARCOS GALVÃO DE ASSIS;1139,378;16262;13,41;98,2;0,584;6,62;33375,07491;31866,20938;9698,91
Ibipeba;2912400;ibipebense;DEMOSTENES DE SOUSA BARRETO FILHO;1382,008;18421;12,29;97,6;0,616;10,15;37451,4382;36727,8033;7571,13
Ibipitanga;2912509;ibipitanguense;HUMBERTO RAIMUNDO RODRIGUES DE OLIVEIRA;954,373;14989;14,85;96,9;0,584;14,29;33266,76276;34373,27573;7087,1
Ibiquera;2912608;ibiquerense;IVAN CLAUDIO DE ALMEIDA;698,245;4047;5,15;96,2;0,511;-;14115,84189;13456,44348;7340,79
Ibirapitanga;2912707;ibirapitanguense;JUNILSON BATISTA GOMES;472,694;23433;50,53;95,9;0,558;24,17;58668,30209;52766,46156;9987,83
Ibirapuã;2912806;ibirapuense;CALIXTO ANTÔNIO RIBEIRO;771,098;8740;10,1;99,2;0,614;7,94;30165,39369;27721,94019;31908,04
Ibirataia;2912905;ibirataense;ANA CLÉIA DOS SANTOS LEAL;318,129;14476;64,24;97,6;0,576;4,29;47065,93238;43570,13785;11796,41
Ibitiara;2913002;ibitiarense;WILSON DOS SANTOS SOUZA;1834,002;16463;8,39;96,2;0,585;22,06;33339,25404;30941,80458;6552
Ibititá;2913101;ibititaense;NILVA BARRETO DOS SANTOS;573,033;17048;28,63;96,6;0,602;9,3;38870,18909;57520,53709;7491,39
Ibotirama;2913200;ibotiramense;LAERCIO SILVA DE SANTANA;1740,113;27076;14,76;96,4;0,636;17,33;62187,1602;70199,71683;13701,19
Ichu;2913309;ichuense;JOSE GONZAGA CARNEIRO;138,016;6232;41,16;98,4;0,631;-;17368,0625;16590,96721;7582,21
Igaporã;2913408;igaporaense;NEWTON FRANCISCO NEVES COTRIM;836,586;15661;18,26;97,3;0,614;22,39;39684,72262;39271,88107;12070
Igrapiúna;2913457;igrapiunense;MANOEL RIBEIRO DOS SANTOS;591,312;12963;25,31;97,2;0,574;44,44;39419,02765;35923,10272;12199,96
Iguaí;2913507;iguaiense;RONALDO MOITINHO DOS SANTOS;860,223;27006;31,05;94,1;0,552;8,24;78780,18022;59483,33864;7866,71
Ilhéus;2913606;ilheuense;MÁRIO ALEXANDRE CORREA DE SOUSA;1588,555;157639;104,67;96,7;0,69;25,87;397911,54;361229,6176;28755,9
Inhambupe;2913705;inhambupense;FORTUNATO SILVA COSTA;1082,283;40720;29,7;97,2;0,565;29,63;72615,03984;66885,06944;14338,96
Ipecaetá;2913804;ipecaetense;ELCYDES PIAGGIO DE OLIVEIRA JÚNIOR;372,565;14229;41,45;96,1;0,55;8,13;35403,30605;32919,14909;6113,51
Ipiaú;2913903;ipiauense;MARIA DAS GRAÇAS CESAR MENDONÇA;280,454;45969;166,05;97,4;0,67;11,63;79383,69001;74410,9302;10406,43
Ipirá;2914000;ipiraense;EDVONILSON SILVA SANTOS;3105,281;59281;19,39;95,9;0,549;11,51;136908,4544;102065,5006;10533,94
Ipupiara;2914109;ipupiarense;ASCIR LEITE SANTOS;1055,76;9954;8,75;98,8;0,59;21,74;23727,52435;21904,79736;8585,25
Irajuba;2914208;irajubense;ANTONIO OLIVEIRA SAMPAIO;459,047;7295;16,93;98,2;0,576;-;21020,03676;20486,12787;9933,19
Iramaia;2914307;iramaense;ANTONIO CARLOS SILVA BASTOS;1708,115;7874;6,16;97,3;0,571;-;36667,70041;25405,62024;10013,7
Iraquara;2914406;iraquarense;WALTERSON RIBEIRO COUTINHO;991,822;25728;21,96;99,1;0,599;16,35;53867,76763;45365,8452;20131,86
Irará;2914505;iraraense;DERIVALDO PINTO CERQUEIRA;267,88;29305;98,87;98,7;0,62;10,14;61987,66701;57918,66677;9048,53
Irecê;2914604;ireceense;ELMO VAZ BASTOS DE MATOS;319,174;74050;207,45;96,4;0,691;7,15;143102,9571;131057,765;18285,81
Itabela;2914653;itabelense;LUCIANO FRANCISQUETO;924,914;30901;33,37;95,8;0,599;11,72;100994,5091;68130,83215;12291,43
Itaberaba;2914703;itaberabense;RICARDO DOS ANJOS MASCARENHAS;2386,39;64795;26,3;96,2;0,62;16,51;140571,0403;138731,8879;13699,6
Itabuna;2914802;itabunense;AUGUSTO NARCISO CASTRO;401,028;214123;473,5;96,6;0,712;15,86;506552,9244;509685,396;19619,07
Itacaré;2914901;itacareense;ANTONIO MARIO DAMASCENO;726,265;29051;32,96;94,7;0,583;19,56;58565,53834;55961,75192;11711,45
Itaeté;2915007;itaeteense;ZENILDO MATOS DE OLIVEIRA;1331,822;16164;12,34;98,1;0,572;5,08;34414,65002;33600,10373;6447,73
Itagi;2915106;itagiense;OLIVAL ANDRADE JUNIOR;310,621;12140;50,35;95,6;0,543;14,85;27679,02019;27850,93996;8664,6
Itagibá;2915205;itagibaense;MARCOS VALERIO BARRETO;810,993;14331;19,26;95,4;0,589;13,16;38742,69957;35228,86798;14126,85
Itagimirim;2915304;itagimiriense;LUIZ CARLOS JUNIOR SILVA DE OLIVEIRA;876,8;6784;8,47;96,2;0,634;-;24195,68461;22641,29844;16216,47
Itaguaçu da Bahia;2915353;itaguaçuense;ADÃO ALVES DE CARVALHO FILHO;4310,238;14650;2,97;96,9;0,562;16,67;39551,28907;36564,49462;8766,19
Itaju do Colônia;2915403;itajuense;DJALMA ORRICO DUARTE;1225,287;6515;5,98;98,4;0,592;54,05;19736,49741;19651,37038;10929,97
Itajuípe;2915502;itajuipense;MARCONE AMARAL COSTA JUNIOR;270,752;20309;74,1;96,3;0,599;9,39;42368,11736;40181,39062;11066,17
Itamaraju;2915601;itamarajuense;MARCELO ANGENICA;2360,584;64423;28,47;95,7;0,627;15,23;122420,4525;114607,8448;14814,35
Itamari;2915700;itamariense;EVERTON BORGES VASCONCELOS;143,479;7971;71,14;95,9;0,578;7,63;20805,44903;21156,5325;11117,27
Itambé;2915809;itambeense;JOSÉ CANDIDO ROCHA ARAÚJO;1534,575;22474;16,41;96;0,578;14,98;47331,7218;43877,50153;10804,55
Itanagra;2915908;itanagrense;MARCUS GUSTAVO DE SOUZA SARMENTO;533,634;6433;15,49;98,1;0,584;21,28;10462,76061;21701,65616;10527,25
Itanhém;2916005;itanhense;MILDSON DIAS MEDEIROS;1394,174;19231;13,81;97,7;0,637;5,35;42552,12746;40855,48568;11807,03
Itaparica;2916104;itaparicano;JOSE ELIAS DAS VIRGENS OLIVEIRA;121,373;22440;175,58;98,3;0,67;15,27;53398,0429;48629,98275;11036,75
Itapé;2916203;itapeense;NAELITON ROSA PINTO;453,144;8300;23,94;96,1;0,599;26,55;21896,15445;22019,00587;10691,68
Itapebi;2916302;itapebiense;JUAREZ DA SILVA OLIVEIRA;1013,074;10173;10,44;97,4;0,572;9,52;42716,04162;37616,20118;28315,09
Itapetinga;2916401;itapetinguense;RODRIGO HAGGE COSTA;1651,158;77408;41,95;96,8;0,667;17,73;142006,7938;135529,3245;15463,78
Itapicuru;2916500;itapicuruense;JOSE MOREIRA DE CARVALHO NETO;1557,685;36173;20,35;95,6;0,486;18,63;86327,87441;68897,91856;8936,13
Itapitanga;2916609;itapitanguense;JOSE ROBERTO DOS SANTOS TOLENTINO;420,663;10284;24,99;97;0,571;27,78;24364,6741;24533,00443;7607,25
Itaquara;2916708;itaquarense;MARCO AURÉLIO WANDERLEY CRUZ COSTA;344,093;8375;23,77;94,5;0,553;-;19155,1598;18838,7269;9119,05
Itarantim;2916807;itarantinense;FÁBIO PEREIRA GUSMÃO;1674,029;19937;10,27;96,6;0,61;28,99;39979,86205;39072,82857;13551,66
Itatim;2916856;itatinhense;DAIANE SILVA DOS ANJOS;547,51;14588;24,89;97,9;0,582;6,54;47511,9974;48286,43214;25525,36
Itiruçu;2916906;itiruçuense;LORENNA MOURA DI GREGORIO;322,243;12482;40,46;96,7;0,6;14,39;27471,02436;26314,0551;8152,12
Itiúba;2917003;itiubense;JOSÉ FRANCISCO DOS SANTOS FILHO;1650,593;36140;20,96;95,5;0,544;21,53;79009,15926;82457,76344;7908,92
Itororó;2917102;itororoense;PAULO CARNEIRO RIOS;313,839;20394;63,5;98,6;0,594;44,33;42181,0627;39475,99897;9933,33
Ituaçu;2917201;ituaçuense;PHELLIPE RAMONN GONÇALVES BRITO;1199,374;19095;14,9;98,2;0,57;14,78;42910,54279;40406,43886;8608,69
Ituberá;2917300;ituberense;REGES JONAS ARAGÃO SANTOS;415,428;28870;63,73;97,8;0,606;3,41;59265,84336;54910,96;11202,76
Iuiu;2917334;iuiuense;REINALDO BARBOSA DE GÓES;1525,142;11038;7,34;98,3;0,591;22,9;40761,79638;25795,1151;9471,45
Jaborandi;2917359;jaborandiense;MARCOS ANTÔNIO MATOS DA SILVA;9955,113;8176;0,94;96,1;0,613;7,19;43232,29339;35057,76123;69136,12
Jacaraci;2917409;jacaraciense;ANTONIO CARLOS FREIRE DE ABREU;1332,42;14855;11,05;98,3;0,593;16,53;42362,33226;32242,69882;7483,05
Jacobina;2917508;jacobinense;TIAGO MANOEL DIAS FERREIRA;2192,905;80749;33,6;97,3;0,649;10,05;178031,7492;185694,462;16196,03
Jaguaquara;2917607;jaguaquarense;EDIONE OLIVEIRA AGOSTINONE;924,512;54913;54,95;94,7;0,58;7,36;93501,51343;84913,16725;10696,92
Jaguarari;2917706;jaguarariense;ANTONIO FERREIRA DO NASCIMENTO;2466,009;33915;12,35;98,3;0,659;22,27;71374,45858;70575,07908;22220,95
Jaguaripe;2917805;jaguaripense;HERÁCLITO ROCHA ARANDAS;863,424;19162;18,32;97,6;0,556;26,09;54426,76268;50515,47346;9563,64
Jandaíra;2917904;jandairense;ADILSON AIRES LEITE DE ÁVILA JUNIOR;640,772;10742;16,11;99;0,55;20,98;31098,03687;33392,01823;12168,59
Jequié;2918001;jequieense;ZENILDO BRANDÃO SANTANA;2969,039;156277;47,07;97,4;0,665;14,29;553383,9608;389276,4528;17263,38
Jeremoabo;2918100;jeremoabense;DERISVALDO JOSE DOS SANTOS;4267,488;40832;8,09;97,2;0,547;14,23;100897,5849;96361,63028;9130,88
Jiquiriçá;2918209;jiquiriçaense;JOAO FERNANDO ALVES COSTA;238,602;14576;58,97;97,8;0,553;14,18;29664,5684;29035,44505;8085,46
Jitaúna;2918308;jitaunense;PATRICK GILBERTO RODRIGUES LOPES;262,05;10470;64,47;96,7;0,575;10,87;32385,06407;31112,47937;13314,92
João Dourado;2918357;joão-douradense;DIAMERSON COSTA CARDOSO DOURADO;913,258;25606;24,65;96,5;0,593;17,33;49293,5802;46006,7613;9333,7
Juazeiro;2918407;juazeirense;SUZANA ALEXANDRE DE CARVALHO RAMOS;6721,237;219544;30,45;96,7;0,677;16,89;526562,3162;509953,6766;20071,32
Jucuruçu;2918456;jucuruçuense;ARIVALDO DE ALMEIDA COSTA;1457,656;8856;7,06;91,5;0,541;-;52130,47098;23758,68461;10236,24
Jussara;2918506;jussarense;TACIANO MENDES DA SILVA;1355,173;15241;15,87;97,2;0,571;5,32;35176,23408;32303,48227;7095,84
Jussari;2918555;jussariense;ANTONIO CARLOS BANDEIRA VALETE;329,19;5706;18,14;94,5;0,567;53,57;18312,66492;17531,26578;10225,34
Jussiape;2918605;jussiapense;ÉDER JAKES SOUZA AGUIAR;589,763;5777;13,72;98,4;0,602;-;20548,9388;18120,67522;9547,31
Lafaiete Coutinho;2918704;lafaietense;JOSE FREITAS DE SANTANA JUNIOR;498,11;3663;9,62;99,1;0,599;-;17142,56622;15662,20214;11683,41
Lagoa Real;2918753;lagoa-realense;PEDRO CARDOSO CASTRO;912,222;15870;15,88;97,5;0,545;-;30026,71742;27241,76869;6182,32
Laje;2918803;lajista;KLEDSON DUARTE MOTA;449,834;24214;48,5;96,9;0,586;22,47;50855,34458;47907,68046;10517,34
Lajedão;2918902;lajedãoense;ARISTON ALMEIDA PASSOS FILHO;624,353;3993;6,07;98,7;0,632;-;20964,87883;17992,32611;18067,02
Lajedinho;2919009;lajedinhense;ANTONIO MARIO LIMA SILVA;846,728;3735;5,07;97,5;0,546;-;15929,47229;14928,35051;16820,9
Lajedo do Tabocal;2919058;lagedense;ANTÔNIO MARCOS ARAÚJO DE SENA;382,937;8591;19,23;97,8;0,584;-;21236,70811;19536,91372;8141,59
Lamarão;2919108;lamarãoense;MARIA LUZINEIDE COSTA SILVA DE ARAÚJO;189,257;8078;45,74;95,2;0,518;-;20565,8105;18887,9632;6752,34
Lapão;2919157;lapoense;MARCIO ANTONIO MESSIAS DA SILVA;642,882;27323;42,38;97;0,596;11,27;65009,77106;63486,59828;9293,65
Lauro de Freitas;2919207;lauro-freitense;MOEMA ISABEL PASSOS GRAMACHO;58,043;204669;2833,38;97,2;0,754;11,62;519885,4764;474285,9415;33038,18
Lençóis;2919306;lençoense;VANESSA DOS ANJOS TELES SENNA;1283,328;11586;8,12;97,2;0,623;29,2;27303,1426;26900,79412;11327,63
Licínio de Almeida;2919405;licínio-de-almeidense;FREDERICO VASCONCELLOS FERREIRA;856,626;12357;14,6;98,4;0,621;6,41;32694,62231;25942,64529;9395,69
Livramento de Nossa Senhora;2919504;livramentense;JOSÉ RICARDO ASSUNÇÃO RIBEIRO;1952,51;46372;19,99;98,1;0,611;10,64;82765,87656;73982,26004;11033,62
Luís Eduardo Magalhães;2919553;luiseduardense;ONDUMAR FERREIRA BORGES JUNIOR;4036,094;92671;15,25;96,4;0,716;14,25;305247,0096;288958,9769;69761,1
Macajuba;2919603;macajubense;LUCIANO PAMPONET DE SOUSA;701,171;11318;17,27;97,6;0,524;30,53;44636,61349;28611,1025;6851,32
Macarani;2919702;macaraniense;SELMA RODRIGUES SOUTO;1210,106;19056;13,28;96,7;0,605;26,04;42453,87819;40549,07366;9521,49
Macaúbas;2919801;macaubense;ALOISIO MIGUEL REBONATO;2459,102;50481;15,71;97,9;0,609;19,93;91801,82027;83840,88005;7813,14
Macururé;2919900;macururense;LEANDRO BERGUE GOMES DA CRUZ;2545,856;7752;3,52;97,1;0,604;41,24;21281,88398;18058,30908;6881,81
Madre de Deus;2919926;madre-deusense;DAILTON RAIMUNDO DE JESUS FILHO;32,201;21754;539,61;98,5;0,708;11,81;158842,6445;153065,004;24354,77
Maetinga;2919959;maetinguense;ALINE COSTA AGUIAR SILVEIRA;614,834;2386;10,32;96,8;0,538;24,1;22889,25217;18530,22419;14662,8
Maiquinique;2920007;maiquiniquense;JESULINO DE SOUZA PORTO;588,297;10294;17,85;98,1;0,576;-;22400,92272;21822,59998;10920,95
Mairi;2920106;mairiense;JOSÉ BONIFÁCIO PEREIRA DA SILVA;906,68;18535;20,29;98;0,572;4,76;41746,28326;40867,02714;6914,61
Malhada;2920205;malhadense;GIMMY EVERTON MOURARIA RAMOS;1979,193;16875;7,97;97,4;0,562;28,74;40655,7602;41638,84955;9090,18
Malhada de Pedras;2920304;malhada-pedrense;CARLOS ROBERTO SANTOS DA SILVA;550,55;8326;16,01;97,4;0,578;9,62;20668,64247;17439,29267;8009,4
Manoel Vitorino;2920403;manoel-vitorinense;MANOEL SILVANY BARROS;2201,764;12944;6,45;98,2;0,566;22,47;37725,62995;32143,93529;10897,18
Mansidão;2920452;mansidãoense;DJALMA RAMOS DE OLIVEIRA;3129,588;13822;3,96;99,3;0,599;-;33958,09541;30980,11798;6348,54
Maracás;2920502;maracaense;UILSON VENANCIO GOMES DE NOVAES;2413,27;19973;10,92;97,2;0,607;24,31;57366,11209;55365,88715;21363,92
Maragogipe;2920601;maragogipano;VALNÍCIO ARMEDE RIBEIRO;437,61;44902;97,27;96,8;0,621;7,08;80950,22001;67522,19345;7237,43
Maraú;2920700;marauense;MANASSÉS SANTOS SOUZA;848,885;20664;23,2;95;0,593;13,75;55726,71737;51961,40954;12155,8
Marcionílio Souza;2920809;marcionilense;HERMINIO JOSÉ OLIVEIRA MERCÊS;1099,283;10357;8,22;96,1;0,561;-;25303,39468;26573,5351;7749,95
Mascote;2920908;mascotense;ARNALDO LOPES COSTA;742,689;13619;18,95;95;0,581;16,26;32920,249;31755,55853;9809,81
Mata de São João;2921005;matense;JOÃO GUALBERTO VASCONCELOS;605,168;47643;63,46;98,1;0,668;22,49;177163,2184;168512,9022;25252,05
Matina;2921054;matinense;OLGA GENTIL DE CASTRO CARDOSO;773,278;12359;14,37;97,5;0,572;15,15;27220,1942;26143,14584;6383,7
Medeiros Neto;2921104;medeirense;ADALBERTO ALVES PINTO;1311,739;22741;17,4;96,7;0,625;21,05;54175,53351;50250,56079;14098,96
Miguel Calmon;2921203;calmonense;JOSE RICARDO LEAL REQUIAO;1599,672;25771;16,88;97,5;0,586;13,51;49402,89665;43921,33581;8860,5
Milagres;2921302;milagrense;CEZAR ROTONDANO MACHADO;420,358;10838;36,24;98,9;0,622;7,69;26836,03054;23356,53611;10011,93
Mirangaba;2921401;mirangabense;DIRCEU MENDES RIBEIRO;1751,778;18603;9,59;98,4;0,542;10,99;41295,20747;40059,4578;6914,16
Mirante;2921450;mirantense;WAGNER RAMOS LIMA;1172,86;8264;9,7;97,3;0,527;32,26;21894,07635;20476,584;7356,2
Monte Santo;2921500;monte-santense;SILVANIA SILVA MATOS;3034,197;49145;16,43;98,1;0,506;10,94;103250,3457;94070,23445;7987,49
Morpará;2921609;morparaense;SIRLEY NOVAES BARRETO;2093,872;8476;4,88;97,9;0,558;19,42;20299,68368;18295,32938;7901,34
Morro do Chapéu;2921708;morrense;JULIANA PEREIRA ARAUJO LEAL;5744,969;35466;6,12;96,5;0,588;12,68;81818,57657;74194,31278;9649,79
Mortugaba;2921807;mortugabense;HERACLITO LUIZ PAIXAO MATOS;528,214;12063;20,38;99,7;0,618;-;25910,86427;24088,19973;8099,4
Mucugê;2921906;mucugeense;ANA OLIMPIA HORA MEDRADO;2462,153;8725;4,3;97,5;0,606;15,5;38962,26274;37573,77174;48367,51
Mucuri;2922003;mucuriense;ROBERTO CARLOS FIGUEIREDO COSTA;1787,626;42729;20,23;94,1;0,665;6,24;178837,6043;153797,6454;42765,12
Mulungu do Morro;2922052;mulunguense;EDIMARIO JOSÉ BOAVENTURA;646,621;10469;21,64;98,4;0,566;5,52;34342,82783;34090,5455;9251,86
Mundo Novo;2922102;mundo-novense;JOSÉ ADRIANO DA SILVA;1491,99;27153;16,34;96,5;0,59;16,57;45825,49875;41301,45929;6389,81
Muniz Ferreira;2922201;ferreirense;GILENO PEREIRA DOS SANTOS;104,54;7464;66,45;98,2;0,617;42,25;18024,93134;16580,0292;7446,89
Muquém do São Francisco;2922250;sanfranciscano;GILMARIA RIOS PEREIRA ARAÚJO;3852,111;11479;2,82;97,1;0,549;16,95;33407,02188;31213,74418;15976,28
Muritiba;2922300;muritibano;DANILO MARQUES DIAS SAMPAIO;86,311;29420;323,58;96,7;0,66;9,77;57288,42853;52964,0935;9247,08
Mutuípe;2922409;mutuipense;RODRIGO MAICON DE SANTANA ANDRADE;275,854;22340;75,74;98,7;0,601;15,87;41672,23612;39167,75398;15888,52
Nazaré;2922508;nazareno;EUNICE SOARES BARRETO PEIXOTO;278,629;28661;107,47;96,9;0,641;10,6;46140,50546;46098,50026;9607,12
Nilo Peçanha;2922607;nilo-peçanhense;JACQUELINE SOARES DE OLIVEIRA;388,936;14156;31,38;94,9;0,547;17,96;37879,15029;34824,6903;9997,9
Nordestina;2922656;nordestinense;ELIETE DE ANDRADE ARAUJO;465,407;13197;26,38;98,7;0,56;18,29;31554,22099;31378,16824;12151,7
Nova Canaã;2922706;canaense;MARIVAL NEUTON DE MAGALHÃES FRAGA;804,617;16482;19,58;96,9;0,545;25,97;42467,5047;34607,87207;8421,14
Nova Fátima;2922730;fatimense;JOSE ADRIANO SANTOS PEREIRA;346,784;7830;21,73;98,5;0,597;-;20869,13229;19620,87626;11118,12
Nova Ibiá;2922755;nova-ibiaense;JOSÉ MURILO NUNES DE SOUZA;203,198;6518;37,19;97;0,57;-;18574,52309;16912,86521;12813,76
Nova Itarana;2922805;nova-itaranense;ANTONIO DANNILO ITALIANO DE ALMEIDA;475,381;8328;15,8;97,4;0,524;18,35;20767,38226;20050,21932;6839,09
Nova Redenção;2922854;nova-redençoense;GUILMA RITA DE CÁSSIA GOTTSCHALL DA SILVA SOARES;565,356;9126;18,64;95,1;0,567;21,05;19324,97456;17916,77788;7005,73
Nova Soure;2922904;nova-souriense;LUIS CASSIO DE SOUZA ANDRADE;966,993;27047;25,4;97,6;0,555;33,13;57744,95344;54185,95571;8284,18
Nova Viçosa;2923001;nova-viçosense;LUCIANA SOUSA MACHADO RODRIGUES;1316,379;44170;29,15;97;0,654;18,48;89933,56556;94355,72885;11507,69
Novo Horizonte;2923035;novo-horizontino;DJALMA ABREU DOS ANJOS;627,5;12653;17,52;97,4;0,597;12,82;37852,71891;24040,75138;6892,03
Novo Triunfo;2923050;novo-triunfense;MATHEUS BARROS DE SANTANA;278,487;15445;59,89;94,6;0,554;28,04;29782,25736;25638,28563;5386,54
Olindina;2923100;olindinense;LUIZ ALBERTO ARAUJO DANTAS FILHO;637,317;28373;46;91,4;0,559;14,18;49742,90374;45912,34956;7359,84
Oliveira dos Brejinhos;2923209;brejinhense;SILVANDO BRITO SANTOS;3313,418;21797;6,21;97,8;0,554;4,07;46905,85419;41893,12891;8124,53
Ouriçangas;2923308;ouriçanguense;ANTONIO DIAS MARQUES;156,982;8575;53,51;98,7;0,607;-;20974,13415;17522,07158;7034,03
Ourolândia;2923357;ourolandense;JOSÉ RAIMUNDO ARAUJO DE SOUZA;1544,988;17567;11,03;97,7;0,56;12,15;43405,64817;37110,24298;10741,51
Palmas de Monte Alto;2923407;monte-altense;MANOEL RUBENS VICENTE DA CRUZ;2560,027;21840;8,23;99;0,586;12,66;41720,59824;41287,66277;8323,61
Palmeiras;2923506;palmeirense;RICARDO OLIVEIRA GUIMARÃES;737,454;9123;12,79;96,2;0,643;19,87;22698,50513;19909,47555;9144,37
Paramirim;2923605;paramirinhense;GILBERTO MARTINS BRITO;1087,06;21777;17,95;96,7;0,615;16,74;49298,07611;50279,9929;11024,83
Paratinga;2923704;paratinguense;MARCEL JOSÉ CARNEIRO DE CARVALHO;2624,998;32274;11,28;98,9;0,59;9,41;87525,28025;69332,31787;7248,71
Paripiranga;2923803;paripiranguense;JUSTINO DAS VIRGENS NETO;442,186;29124;63,76;97,4;0,577;7,12;52055,3243;46524,39398;12036,8
Pau Brasil;2923902;pau-brasilense;BARBARA SUZETE DE SOUSA PRADO;626,306;9550;17,89;96,9;0,583;6,54;23849,09086;22547,15109;8938,41
Paulo Afonso;2924009;paulo-afonsino;LUIZ BARBOSA DE DEUS;1544,388;119213;68,62;96,4;0,674;14,29;325776,2197;292032,0559;31312,64
Pé de Serra;2924058;pé-de-serrense;EDGAR CARNEIRO MIRANDA;596,771;13535;22,32;98;0,587;13,51;31201,42673;30292,00183;7775,63
Pedrão;2924108;pedronense;SOSTHENES SERRAVALLE CAMPOS;158,488;7438;43,03;98,3;0,588;39,47;18798,83768;19279,61684;5975,48
Pedro Alexandre;2924207;pedro-alexandrense;YURI CESAR DE ANDRADE MENEZES;889,572;16698;18,97;94,4;0,513;15,79;35432,8266;36044,64602;6140,58
Piatã;2924306;piatãense;MARCOS PAULO SANTOS AZEVEDO;1825,857;16854;10,49;98,6;0,571;4,18;43894,82413;41154,22853;7851,06
Pilão Arcado;2924405;pilão-arcadense;ORGETO BASTOS DOS SANTOS;11597,923;35295;2,8;95,8;0,506;14,9;111897,1338;85967,29866;7642,72
Pindaí;2924504;pindaiense;JOAO EVANGELISTA VEIGA PEREIRA;628,468;16308;25,45;98,5;0,603;-;35307,47698;31529,90574;13287,74
Pindobaçu;2924603;pindobaçuense;DAVID MENEZES FARIAS;495,845;20048;40,54;98,6;0,577;15,27;58461,43613;53873,39694;7436,92
Pintadas;2924652;pintadense;VALCYR ALMEIDA RIOS;647,144;10353;18,96;96,7;0,612;13,89;25100,88014;22693,31034;8570,2
Piraí do Norte;2924678;piraiense;ULYSSES ARAÚJO DE MENEZES VEIGA;193,427;10050;52,32;95,4;0,533;42,11;22632,06689;21145,55539;9367,37
Piripá;2924702;piripaense;FLAVIO OLIVEIRA ROCHA;511,756;10253;29,08;97,3;0,575;32,26;24243,50195;22262,34132;6771,18
Piritiba;2924801;piritibano;SAMUEL OLIVEIRA SANTANA;980,328;25162;22,96;97,9;0,578;14,63;43348,92156;45388,15278;6391,4
Planaltino;2924900;planaltinense;RONALDO LISBOA DA SILVA;955,454;9415;9,52;96,6;0,572;12,82;21737,58934;19818,33863;7240,12
Planalto;2925006;planaltense;CLOVES ALVES ANDRADE;769;26581;27,7;97,1;0,56;13,51;51742,30249;49851,21481;9342,29
Poções;2925105;poçoense;IRENILDA CUNHA DE MAGALHAES;937,269;46885;54,08;96,5;0,604;15,38;92723,55153;92443,01307;10668,85
Pojuca;2925204;pojucano;CARLOS EDUARDO BASTOS LEITE;314,932;40401;113,97;96,7;0,666;9,57;105971,2202;94394,3466;26317,43
Ponto Novo;2925253;ponto-novense;THIAGO GILLENO SALES DE OLIVEIRA;530,144;14729;31,65;98,1;0,58;19,46;37618,37655;36066,74569;7692,78
Porto Seguro;2925303;porto-segurense;JANIO NATAL ANDRADE BORGES;2285,734;152529;52,7;96,9;0,676;8,33;368506,5068;347219,6425;22727,56
Potiraguá;2925402;potiragüense;JORGE PORTO CHELES;1111,567;6623;9,95;97,6;0,625;18,87;23530,84157;24313,23835;12498,39
Prado;2925501;pradense;GILVAN DA SILVA SANTOS;1692,1;28214;15,87;96,5;0,621;15,36;75966,13533;72797,68632;15495,87
Presidente Dutra;2925600;presidutrense;ROBERTO CARLOS ALVES DE SOUZA;232,064;15180;84,07;96;0,614;6,71;33601,91732;31674,49637;7194,49
Presidente Jânio Quadros;2925709;janio-quadrense;LÉLIO ALVES BRITO JÚNIOR;1208,549;12028;11,52;97;0,542;8,2;31640,87157;29266,96411;7111,86
Presidente Tancredo Neves;2925758;tancredense;ANTONIO DOS SANTOS MENDES;441,82;28272;57,16;97,5;0,559;15,63;59094,48752;57887,52319;9664,76
Queimadas;2925808;queimadense;ANDRE LUIZ ANDRADE;2011,06;25428;12,13;98;0,592;6,01;53166,18389;50355,01733;8998,42
Quijingue;2925907;quijinguense;WELIGTON CAVALCANTE DE GOIS;1380,798;27672;20,28;98,4;0,544;26,58;57500,29169;56522,86641;8852,45
Quixabeira;2925931;quixabeirense;REGINALDO SAMPAIO SILVA;366,387;8939;24,64;98,6;0,578;10,2;21339,6533;20414,3875;7278,11
Rafael Jambeiro;2925956;jambeirense;CIBELE OLIVEIRA DE CARVALHO;1090,552;22643;18,95;96,3;0,564;18,78;52238,75297;51871,14847;15839,53
Remanso;2926004;remansense;MARCOS CARVALHO PALMEIRA;4573,505;41324;8,32;96,3;0,579;17;82739,68547;81204,18515;9665,15
Retirolândia;2926103;retirolandense;ALIVANALDO MARTINS DOS SANTOS;242,329;14588;66,43;98,5;0,636;5,71;30876,64528;28621,12602;8705,92
Riachão das Neves;2926202;riachão-nevense;MIGUEL CRISOSTOMO BORGES NETO;5977,931;22330;3,87;95;0,578;36,79;68541,30732;59314,80186;34938,38
Riachão do Jacuípe;2926301;jacuipense;JOSE CARLOS DE MATOS SOARES;1155,418;33498;27,87;98,3;0,628;7,83;60702,33541;56972,88543;10720,56
Riacho de Santana;2926400;riachense;TITO EUGENIO CARDOSO DE CASTRO;3183,911;35757;11,87;96,8;0,615;14,75;65513,56574;61848,95812;7558,26
Ribeira do Amparo;2926509;amparense;JOSÉ GERMANO SOARES DE SANTANA;644,229;14631;22,22;98,8;0,512;16,95;34660,18203;34724,69003;8812,74
Ribeira do Pombal;2926608;pombalense;ERIKSSON SANTOS SILVA;1252,144;54097;62,34;96,6;0,601;17,78;173551,9259;117666,8157;11068,15
Ribeirão do Largo;2926657;ribeirense;HERBERT GONCALVES DE OLIVEIRA;1363,7;4896;6,77;97,7;0,54;28,04;24982,04188;23149,93301;13586,48
Rio de Contas;2926707;rio-contense;CRISTIANO CARDOSO DE AZEVEDO;1115,252;12878;12,23;97,9;0,605;29,2;25827,025;23415,36745;9967,44
Rio do Antônio;2926806;rio-antoniense;GERSON DE SOUZA RIBEIRO;777,903;15521;18,19;96,5;0,576;7,69;30557,81948;29599,654;6920,37
Rio do Pires;2926905;rio-pirense;GILVANIO ANTONIO DOS SANTOS;656,223;11672;14,54;97,2;0,594;23,53;26607,98372;24741,16696;7516,76
Rio Real;2927002;rio-realense;ANTONIO ALVES DOS SANTOS;739,775;41209;51,84;97,5;0,572;17,06;78792,40047;71832,15936;22645,77
Rodelas;2927101;rodelense;EMANUEL RODRIGUES FERREIRA;2207,159;9548;2,85;96,5;0,632;10,87;24432,68379;22587,60732;10436,49
Ruy Barbosa;2927200;rui-barbosense;LUIZ CLAUDIO MIRANDA PIRES;1991,772;30900;13,76;97,9;0,61;14,56;59165,40163;57077,5991;9886,85
Salinas da Margarida;2927309;salinense;WILSON RIBEIRO PEDREIRA;150,569;16047;89,81;97,9;0,617;5,24;44971,28395;37930,26191;10901,76
Salvador;2927408;soteropolitano / salvadorense;BRUNO SOARES REIS;693,453;2900319;3859,44;95,9;0,759;14,76;6270192,755;5674145,325;22213,24
Santa Bárbara;2927507;barbarense;EDIFRANCIO DE JESUS OLIVEIRA;347,021;20971;55,15;99;0,583;13,04;37583,39303;32501,86867;8046,02
Santa Brígida;2927606;santa-brigidense;ELTON CARLOS MAGALHÃES;934,461;13917;17,06;97,2;0,546;-;34667,39877;32418,79486;7321,26
Santa Cruz Cabrália;2927705;santa-cruzense;AGNELO SILVA SANTOS JUNIOR;1462,942;28058;16,92;96,4;0,654;6,62;71484,51232;68729,12637;15484,19
Santa Cruz da Vitória;2927804;santa-cruzense;MAURÍCIO LOPES DOS SANTOS;284,083;6241;22,38;92;0,61;17,24;16683,53035;15486,18734;9361,57
Santa Inês;2927903;santinense;HERMESON NOVAES ELOI;379,27;10583;32,83;98,3;0,574;9,71;22554,33073;20594,3248;6562,49
Santaluz;2928000;luzense;ARISMÁRIO BARBOSA JÚNIOR;1623,445;37704;21,65;97,5;0,598;9,45;77592,00435;64697,85998;10399,93
Santa Luzia;2928059;santa-luziense;FERNANDO SCHUELER BRITO;824,473;12308;17,22;92,5;0,556;18,63;28764,38324;27676,4662;7876,34
Santa Maria da Vitória;2928109;santa-mariense;ANTÔNIO ELSON MARQUES DA SILVA;1984,91;39707;20,49;98,9;0,614;19,12;101656,4533;90264,38387;12110,47
Santana;2928208;santanense;MARCO AURÉLIO DOS SANTOS CARDOSO;1909,353;26792;13,6;99,7;0,608;16,56;54171,44763;54837,51766;9706,1
Santanópolis;2928307;santanopolinense;GILSON CERQUEIRA ALMEIDA;222,686;8987;38,02;99;0,592;-;20897,81198;18969,22509;6674,38
Santa Rita de Cássia;2928406;santa-ritense;JOSÉ BENEDITO ROCHA ARAGÃO;6030,491;28613;4,39;97,7;0,605;20,73;58258,18723;55366,9627;8513,11
Santa Terezinha;2928505;santa-teresinhense;AGNALDO FIGUEIREDO ANDRADE;719,257;10520;13,64;97,5;0,587;27,03;25459,72435;24052,00805;6816,32
Santo Amaro;2928604;santamarense;ALESSANDRA GOMES REIS E SILVA DO CARMO;494,502;60190;117,26;98,2;0,646;6,92;114539,4831;107860,3102;14024,36
Santo Antônio de Jesus;2928703;santo-antoniense;GENIVAL DEOLINO SOUZA;261,74;103204;348,14;97,4;0,7;18,94;182221,7589;171353,22;21863,76
Santo Estêvão;2928802;santo-estevense;ROGERIO DOS SANTOS COSTA;360,334;53666;131,91;97,7;0,626;14,11;94418,14181;88792,55053;13942,59
São Desidério;2928901;são-desideriano;JOSE CARLOS DE CARVALHO;15156,712;34764;1,82;95,8;0,579;20,07;166861,6207;129262,2256;76949,79
São Domingos;2928950;são-dominguense;ILARIO ANTONIO NETO RIOS CARNEIRO;289,963;9085;28,22;97,7;0,64;-;21735,55097;19438,57794;8936,13
São Félix;2929008;são-felista;ALEX SANDRO ALELUIA DE BRITO;103,226;14784;142,11;97,5;0,639;6,45;39947,67985;37104,00494;11557,09
São Félix do Coribe;2929057;são-felense;JUTAI EUDES RIBEIRO FERREIRA;1751,671;15543;13,74;97,6;0,639;4;64869,25188;46120,5886;12645,62
São Felipe;2929107;são-felipense;ANTONIO JORGE MACEDO DA SILVA;222,407;21083;98,57;99,7;0,616;4,72;47299,53518;48588,87861;9400,34
São Francisco do Conde;2929206;franciscano;ANTÔNIO CARLOS VASCONCELOS CALMON;269,715;40664;126,24;97,9;0,674;17,76;594320,2553;504606,206;210629,4
São Gabriel;2929255;são-gabrielense;HIPOLITO RODRIGUES SILVA GOMES;1146,054;18785;15,36;97,1;0,592;13,45;40295,6358;39852,96965;6718,22
São Gonçalo dos Campos;2929305;são-gonçalense;TARCÍSIO TÔRRES PEDREIRA;294,768;38315;110,67;97,8;0,627;23,46;64912,3232;59850,33416;26290,04
São José da Vitória;2929354;são-joseense;JEOVÁ NUNES DE SOUZA;127,925;5562;78,84;97,3;0,546;24,39;15903,68484;16539,19399;9382,71
São José do Jacuípe;2929370;jacuipense;ALBERLAN PERIS MOREIRA DA CUNHA;362,365;10546;25,3;98,5;0,552;15,63;26913,33027;25494,22012;8489,8
São Miguel das Matas;2929404;miguelense;VALDELINO DE JESUS SANTOS;230,906;11733;48,57;98,7;0,593;26,55;25565,10289;25065,10123;11606,58
São Sebastião do Passé;2929503;sebastianense;MARIA NILZA DA MATA SANTANA;536,678;44554;78,3;97,7;0,657;15,35;116098,8682;105426,2825;15605,2
Sapeaçu;2929602;sapeaçuense;GEORGE VIEIRA GOIS;131,218;17421;141,5;98,1;0,614;4,76;43518,01008;38911,84172;9590,43
Sátiro Dias;2929701;satirense;PEDRO RAIMUNDO SANTANA DA CRUZ;949,223;17330;18,78;97,2;0,527;23,26;43654,92041;43129,38307;10387,25
Saubara;2929750;saubarense;MARCIA MENDES OLIVEIRA DE ARAÚJO;166,428;12163;68,51;98,4;0,617;22,39;34184,24461;34044,28037;11243,84
Saúde;2929800;saudense;AUCICLEI COSTA RODRIGUES;509,098;12971;23,49;97,1;0,549;18,35;25226,80183;23922,67712;6904,65
Seabra;2929909;seabrense;FÁBIO MIRANDA DE OLIVEIRA;2402,17;44370;16,6;98,1;0,635;11,24;82574,68234;78997,02284;12448,76
Sebastião Laranjeiras;2930006;sebastianense;PEDRO ANTÔNIO PEREIRA MALHEIROS;1984,511;11586;5,32;96,7;0,615;12,2;27752,20597;25725,95897;7615,4
Senhor do Bonfim;2930105;bonfinense;LAÉRCIO MUNIZ DE AZEVEDO JUNIOR;789,361;79813;89,93;98;0,666;13,86;129265,4834;125534,1784;11399,16
Serra do Ramalho;2930154;serra-malhense;ELI CARLOS DOS ANJOS SANTOS;2340,684;31362;12,2;97,4;0,595;12,39;76450,31404;75809,26954;9807,25
Sento Sé;2930204;sento-seense;ANA LUIZA RODRIGUES DA SILVA PASSOS;11980,172;41279;2,95;97,5;0,585;12,02;87580,99159;86266,23456;23542,89
Serra Dourada;2930303;serra-douradense;AUZENILDO SOUZA COSTA;1592,245;17261;13,45;98,8;0,608;13,89;40416,18724;39061,08153;9216,44
Serra Preta;2930402;serra-pretense;FRANKLIN LEITE DA SILVA;595,297;14531;28,71;98,1;0,566;-;33869,67273;31869,8351;7641,07
Serrinha;2930501;serrinhense;ADRIANO SILVA LIMA;583,314;81693;122,97;97,3;0,634;11,35;144189,169;147655,4167;11362,74
Serrolândia;2930600;serrolandense;GILDO MOTA BISPO;322,022;13490;41,72;98,8;0,59;-;31618,88273;27631,05684;7405,01
Simões Filho;2930709;simões-filhense;DIOGENES TOLENTINO OLIVEIRA;201,418;137117;586,65;95,9;0,675;17,15;349440,5336;293260,795;40637,42
Sítio do Mato;2930758;sítio-matense;CASSIO GUIMARAES CURSINO;1627,806;13104;6,88;98,8;0,564;21,05;31410,51677;34563,97647;8022,59
Sítio do Quinto;2930766;sítio-quintense;JAIR JESUS DOS SANTOS;684,089;9431;17,98;97,9;0,533;-;26219,16061;24007,72082;8196,81
Sobradinho;2930774;sobradinhense;REGIS CLEIVYS SAMPAIO BETO;1355,972;23274;17,76;97,8;0,631;18,48;72002,69787;63784,69886;32609,65
Souto Soares;2930808;souto-soarense;ANDRE LUIZ SAMPAIO CARDOSO;1026,634;17118;16;97,1;0,592;12,88;40234,22336;37842,78005;7408,33
Tabocas do Brejo Velho;2930907;taboquense;FLAVIO DA SILVA CARVALHO;1437,189;12515;8,31;98,2;0,584;22,22;35722,00414;35255,64688;8308,88
Tanhaçu;2931004;tanhaçuense;JOÃO FRANCISCO SANTOS;1277,514;20383;16,21;98,2;0,577;15,81;42554,93205;40478,16596;9465,46
Tanque Novo;2931053;tanque-novense;PAULO RICARDO BONFIM CARNEIRO;729,516;17518;22,31;98,4;0,599;-;40900,81391;41575,13007;9529,31
Tanquinho;2931103;tanquinhense;JOSE LUIZ DOS SANTOS REIS;243,839;7936;36,43;96;0,597;-;17522,9574;15218,87657;7219,55
Taperoá;2931202;taperoense;CHRISTIANNE MARY PEREIRA GUIMARAES;454,081;21421;45,64;96,1;0,566;13,95;48031,26194;44891,12248;8471,96
Tapiramutá;2931301;tapiramutaense;ROBERTO VENANCIO DOS SANTOS;714,691;16939;24,88;95;0,594;8,23;45398,93872;38265,41359;6553,06
Teixeira de Freitas;2931350;teixeirense;MARCELO GUSMÃO PONTES BELITARDO;1165,622;164290;118,87;96,5;0,685;6,28;361818,2463;345935,364;16541,88
Teodoro Sampaio;2931400;teodorense;JOSÉ ALVES DA CRUZ;244,613;7296;34,1;95,8;0,594;-;23195,67415;22179,94461;10697,76
Teofilândia;2931509;teofilandense;HIGO MOURA MEDEIROS;351,892;22590;64,02;96,8;0,566;3,8;50290,6003;46803,75223;6755,57
Teolândia;2931608;teolandense;MARIA BAITINGA DE SANTANA;289,782;15097;46,68;90,5;0,555;22,47;40679,24219;40219,95436;12210,42
Terra Nova;2931707;terra-novense;EDER SAO PEDRO MENEZES;193,241;13018;64,36;96,7;0,578;9,26;27795,97022;25905,76664;8997,41
Tremedal;2931806;tremedalense;JOSÉ CARLOS VIEIRA BAHIA;2010,316;15996;10,14;96,6;0,528;-;39534,77221;38014,47651;7573,75
Tucano;2931905;tucanense;RICARDO MAIA CHAVES DE SOUZA FILHO;2198,237;50903;18,73;98,2;0,579;7,05;97492,96396;91397,63151;9553,34
Uauá;2932002;uauaense;MARCOS HENRIQUE LOBO ROSA;3060,116;23991;8;97,3;0,605;20,77;52559,46647;48746,72248;8466,19
Ubaíra;2932101;ubairense;LUCIO PASSOS MONTEIRO;659,138;19860;27,19;97,8;0,582;10,05;43517,33611;42369,37072;9908,27
Ubaitaba;2932200;ubaitabense;ASCLEPÍADES DE ALMEIDA QUEIROZ;181,102;18647;115,72;95,8;0,611;19,61;39677,58554;42194,11566;11548,41
Ubatã;2932309;ubatense;VINICIUS DO VALE DE SOUZA;177,643;27481;93,22;94,5;0,593;4,9;52434,3874;40963,19332;7467,5
Uibaí;2932408;uibaiense;UBIRACI ROCHA LEVI;545,298;13894;24,73;97,7;0,617;-;30980,92676;28076,47374;6956,99
Umburanas;2932457;umburanense;ROBERTO BRUNO SILVA;1775,633;19573;10,18;95,7;0,515;14,49;40813,85382;38764,13824;7495,97
Una;2932507;unense;TIAGO BIRSCHNER;1126,733;18108;20,48;96,8;0,56;16,88;52969,14189;52684,98844;14140,26
Urandi;2932606;urandiense;WARLEI OLIVEIRA DE SOUZA;902,402;16672;16,98;98,1;0,598;12,27;37548,73892;35237,85018;10984,02
Uruçuca;2932705;uruçuquense;MOACYR BATISTA DE SOUZA LEITE JÚNIOR;510,098;20312;50,61;95,8;0,616;23,57;44499,32344;45256,47911;11510,01
Utinga;2932804;utinguense;JOYUSON VIEIRA SANTOS;633,76;19330;28,47;96,9;0,59;-;39723,76228;37798,99072;8806,37
Valença;2932903;valenciano;JAIRO DE FREITAS BAPTISTA;1123,975;97873;74,35;97,1;0,623;16,78;161313,0948;154549,0803;16346,46
Valente;2933000;valentense;UBALDINO AMARAL DE OLIVEIRA;394,877;29111;63,9;98,7;0,637;15,21;53524,236;48327,18347;8042,92
Várzea da Roça;2933059;varzeano;DANILLO SANTOS SALES RIOS;468,407;14135;26,83;97,9;0,539;25;35390,50364;29896,54287;6773,46
Várzea do Poço;2933109;varzeapense;MANOEL CARNEIRO FILHO;206,478;9247;42,27;98,8;0,575;11,36;18750,01178;18332,30996;9977,74
Várzea Nova;2933158;várzea-novense;JOAO HEBERT ARAUJO DA SILVA;1225,892;12556;10,96;95,9;0,555;11,49;34410,65899;29221,4907;9112,58
Varzedo;2933174;varzedense;ARIECILIO BAHIA DA SILVA;221,399;8734;40,16;97,9;0,586;10,1;21286,11036;18952,7776;12034,31
Vera Cruz;2933208;vera-cruzense;MARCUS VINICIUS MARQUES GIL;297,537;44185;125,33;99,3;0,645;12,68;93296,97541;85706,23095;12196,73
Vereda;2933257;veredense;MANRICK GREGORIO PRATES TEIXEIRA;782,159;6105;7,78;98,1;0,577;-;20048,80741;20101,87464;11995,54
Vitória da Conquista;2933307;conquistense;ANA SHEILA LEMOS ANDRADE;3254,186;343643;91,41;96,8;0,678;10,24;637789,5423;605294,5254;21459,85
Wagner;2933406;wagnense;ELTER SILVA BASTOS;522,37;9342;21,34;96,6;0,587;10,1;19836,47727;17875,65457;8061,28
Wanderley;2933455;wanderleiense;FERNANDA SILVA SÁ TELES;2920,579;12125;4,22;96,1;0,6;6,1;33377,36549;31038,25383;10822,58
Wenceslau Guimarães;2933505;wenceslau-guimarãense;CARLOS ALBERTO LIOTERIO DOS SANTOS;655,057;20862;32,92;94,6;0,544;3,38;55976,0025;50962,53159;12751,96
Xique-Xique;2933604;xiquexiquense;REINALDO TEIXEIRA BRAGA FILHO;5079,662;46562;8,28;96,9;0,585;11,68;103379,3268;102019,4013;8843,15
;;;;;;;;;;;;
;;;;;;;;;;;;
Notas:;;;;;;;;;;;;
Escolarização 6 a 14 anos : [população residente no município de 6 a 14 anos de idade matriculada no ensino regular/total de população residente no município de 6 a 14 anos de idade] x 100;;;;;;;;;;;;
População estimada: Para 'dúvidas e contestações' acesse https://www.ibge.gov.br/estatisticas/sociais/populacao/9103-estimativas-de-populacao.html?=&t=o-que-e;;;;;;;;;;;;
Fontes:;;;;;;;;;;;;
Área Territorial: Área territorial brasileira 2020. Rio de Janeiro: IBGE, 2021;;;;;;;;;;;;
População estimada: IBGE, Diretoria de Pesquisas, Coordenação de População e Indicadores Sociais, Estimativas da população residente com data de referência 1o de julho de 2020;;;;;;;;;;;;
Densidade demográfica: IBGE, Censo Demográfico 2010, Área territorial brasileira. Rio de Janeiro: IBGE, 2011;;;;;;;;;;;;
Escolarização 6 a 14 anos : IBGE, Censo Demográfico 2010;;;;;;;;;;;;
IDHM Índice de desenvolvimento humano municipal : Programa das Nações Unidas para o Desenvolvimento - PNUD;;;;;;;;;;;;
Mortalidade infantil: Ministério da Saúde, Departamento de Informática do Sistema Único de Saúde - DATASUS 2017;;;;;;;;;;;;
Receitas realizadas: Contas anuais. Receitas orçamentárias realizadas (Anexo I-C) 2017 e Despesas orçamentárias empenhadas (Anexo I-D) 2017. In: Brasil. Secretaria do Tesouro Nacional, Siconfi: Sistema de Informações Contábeis e Fiscais do Setor Público Brasileiro. Brasília, DF, [2018]. Disponível em: https://siconfi.tesouro.gov.br/siconfi/pages/public/consulta_finbra/finbra_list.jsf. Acesso em: set. 2018;;;;;;;;;;;;
Despesas empenhadas: Contas anuais. Receitas orçamentárias realizadas (Anexo I-C) 2017 e Despesas orçamentárias empenhadas (Anexo I-D) 2017. In: Brasil. Secretaria do Tesouro Nacional, Siconfi: Sistema de Informações Contábeis e Fiscais do Setor Público Brasileiro. Brasília, DF, [2018]. Disponível em: https://siconfi.tesouro.gov.br/siconfi/pages/public/consulta_finbra/finbra_list.jsf. Acesso em: set. 2018;;;;;;;;;;;;
PIB per capita: IBGE, em parceria com os Órgãos Estaduais de Estatística, Secretarias Estaduais de Governo e Superintendência da Zona Franca de Manaus - SUFRAMA;;;;;;;;;;;;
